event_key	zh-TW_k	zh-TW_k_e1	zh-TW_differs	zh-CN_k	zh-CN_k_e1	zh-CN_differs	ja_k	ja_k_e1	ja_differs	ko_k	ko_k_e1	ko_differs	all_differ
manual.page1.2456.word4	10	10	true	10	10	true	13	13	true	13	13	true	true
manual.page10.skills_mix.word4	6	6	false	6	6	false	8	8	false	8	8	true	false
manual.page11.money.word10	3	3	true	3	3	true	5	5	true	5	5	true	true
manual.page12.damage.word9	4	4	true	4	4	true	5	5	true	4	4	true	true
manual.page13.range.word6	2	2	true	2	2	true	3	3	true	3	3	true	true
manual.page14.rocketships.word3	4	4	false	4	4	false	6	6	true	5	5	false	false
manual.page15.mercury.word4	5	5	false	5	5	false	7	7	true	7	7	true	false
manual.page16.earth.word5	6	6	false	6	6	false	9	9	true	9	9	false	false
manual.page17.mars.word2	3	3	true	3	3	true	4	4	false	4	4	true	false
manual.page18.salvage.word6	3	3	true	3	3	true	4	4	false	5	5	false	false
manual.page19.ranged_weapons.word1	5	5	true	5	5	true	6	6	false	7	7	true	false
manual.page2.2456_now.word7	3	3	true	3	3	true	4	4	true	5	5	true	true
manual.page21.gear_quality.word7	3	3	false	3	3	false	5	5	true	5	5	true	false
manual.page22.terrine.word2	1	1	false	1	1	false	2	2	false	2	2	false	false
manual.page23.scots_alarm.word4	4	4	true	4	4	true	5	5	true	5	5	true	true
manual.page24.the_elevator.word5	5	5	true	5	5	true	6	6	true	6	6	true	true
manual.page26.meeting_with_robot.word4	5	5	false	5	5	false	7	7	false	7	7	true	false
manual.page27.the_king_in_0_g.word3	3	2	true	3	2	true	3	3	true	3	3	false	false
manual.page28.robot_and_buck.word5	4	4	true	4	4	true	6	6	true	6	6	true	true
manual.page29.bucks_speech.word7	4	4	true	4	4	true	5	5	true	5	5	true	true
manual.page3.more_on_abilities.word8	2	2	true	2	2	true	3	3	true	3	3	true	true
manual.page30.jupiter_arrival.word6	7	7	true	7	7	true	9	9	true	8	8	true	true
manual.page31.desert_ape_pilots.word2	5	5	false	5	5	false	7	7	false	7	7	true	false
manual.page32.the_great_rift.word3	2	2	false	2	2	false	3	3	false	3	3	true	false
manual.page33.talons_speech.word5	6	6	true	6	6	true	8	8	true	7	7	true	true
manual.page34.deimos_prison.word10	3	3	true	3	3	true	3	3	true	3	3	false	false
manual.page35.bucks_capture.word8	4	4	true	4	4	true	5	5	true	5	5	true	true
manual.page36.acidic_victory.word7	3	3	true	3	3	true	5	5	true	5	5	false	false
manual.page37.alert_screen.word3	1	1	false	1	1	false	2	2	false	2	2	false	false
manual.page38.lens_treatise.word9	3	3	false	3	3	false	5	5	false	5	5	false	false
manual.page39.appendix.word1	2	2	false	2	2	false	2	2	true	2	2	false	false
manual.page4.character_races.word8	6	6	true	6	6	true	8	8	true	8	8	true	true
manual.page41.technical_skills.word2	4	4	false	4	4	false	5	5	true	5	5	true	false
manual.page42.roll.word4	2	2	true	2	2	true	3	3	true	3	3	false	false
manual.page5.careers.word9	6	6	false	6	6	false	9	9	false	9	9	false	false
manual.page6.rogues.word1	7	7	true	7	7	true	8	8	true	8	8	true	true
manual.page7.skills.word5	5	5	true	5	5	true	8	8	true	8	8	true	true
manual.page8.unused_skills.word2	1	1	false	1	1	false	2	2	false	2	2	true	false
manual.page9.medic_skills.word8	3	3	true	3	3	true	4	4	true	4	4	false	false
