point	type	caller	state	checkpoint	entry_step	until	rect	ko_shown	ko_changed	ja_shown	ja_changed
A-a3	A	0B4A	a3	a2	26349295567	26351227106	ecl:1,17,38,22	True	True	True	False
A-d229	A	0B79	d229	d228	6502423777	6503879181	ecl:1,17,38,22	True	True	True	False
A-d233	A	0B79	d233	d232	6545528920	6546720165	ecl:1,17,38,22	True	True	True	False
A-d249	A	0B79	d249	d248	6761730685	6762658113	ecl:1,17,38,22	True	True	True	False
A-d28	A	0B79	d28	d27	6240514248	6241705589	ecl:1,17,38,22	True	False	True	False
A-d3108	A	0B79	d3108	d3107	7757682762	7759138702	ecl:1,17,38,22	True	True	True	False
A-d3132	A	0B79	d3132	d3131	7928742613	7929670041	ecl:1,17,38,22	True	True	True	False
A-d3139	A	0B79	d3139	d3138	7980470095	7981662132	ecl:1,17,38,22	True	True	True	False
A-d316	A	0B79	d316	d315	7020211709	7021711627	ecl:1,17,38,22	True	True	True	False
A-d317	A	0B79	d317	d316	7027812653	7028212532	ecl:1,17,38,22	True	True	True	False
A-d328	A	0B79	d328	d327	7178425171	7179616523	ecl:1,17,38,22	True	False	True	False
A-d337	A	0B79	d337	d336	7243732681	7245188085	ecl:1,17,38,22	True	True	True	False
A-d354	A	0B79	d354	d353	7365241943	7366433188	ecl:1,17,38,22	True	True	True	False
A-d375	A	0B79	d375	d374	7517003426	7518195249	ecl:1,17,38,22	True	False	True	False
A-d428	A	0B79	d428	d427	17575946268	17576873707	ecl:1,17,38,22	True	True	True	False
A-d447	A	0B79	d447	d446	17711215718	17712407454	ecl:1,17,38,22	True	False	True	False
A-d463	A	0B79	d463	d462	17824670771	17826170866	ecl:1,17,38,22	True	True	True	False
A-d464	A	0B79	d464	d463	17832268570	17832668449	ecl:1,17,38,22	True	True	True	False
A-d482	A	0B79	d482	d481	18030805981	18032261723	ecl:1,17,38,22	True	True	True	False
A-d492	A	0B79	d492	d491	18105906203	18107405903	ecl:1,17,38,22	True	True	True	False
A-d493	A	0B79	d493	d492	18113576816	18113976902	ecl:1,17,38,22	True	True	True	False
A-d499	A	0B79	d499	d498	18227137307	18228328659	ecl:1,17,38,22	True	False	True	False
A-d5113	A	0B79	d5113	d5112	19414910029	19416101612	ecl:1,17,38,22	True	True	True	False
A-d582	A	0B79	d582	d581	19189420150	19190875846	ecl:1,17,38,22	True	True	True	False
A-d6134	A	0B79	d6134	d6133	21376778677	21377970007	ecl:1,17,38,22	True	True	True	False
A-d6163	A	0B79	d6163	d6162	21583941042	21584868555	ecl:1,17,38,22	True	True	True	False
A-d6186	A	0B79	d6186	d6185	21751938425	21752865938	ecl:1,17,38,22	True	True	True	False
A-d6206	A	0B4A	d6206	d6205	21899294407	21901013539	ecl:1,17,38,22	True	True	True	False
A-d6208	A	0B79	d6208	d6207	21910341797	21911709473	ecl:1,17,38,22	True	True	True	False
A-d65	A	0B4A	d65	d64	20284685993	20286617646	ecl:1,17,38,22	True	True	True	False
A-d8147	A	0B79	d8147	d8146	25094801934	25096301719	ecl:1,17,38,22	True	True	True	False
A-d8148	A	0B79	d8148	d8147	25102312436	25102712304	ecl:1,17,38,22	True	True	True	False
A-d878	A	0B79	d878	d877	24560705016	24562204716	ecl:1,17,38,22	True	True	True	False
A-d879	A	0B79	d879	d878	24568268423	24568668498	ecl:1,17,38,22	True	True	True	False
A-n1	A	0B79	n1	l7	5020831716	5027742964	ecl:1,17,38,22	True	True	True	False
B-0AE5-a5-721-t80k	B	0AE5	a5	a4	2895248721	2895328721	ecl:23,11,38,21	True	True	True	True
B-0AE5-a5-721-t240k	B	0AE5	a5	a4	2895248721	2895488721	ecl:23,11,38,21	True	True	True	True
B-0AE5-a5-721-t600k	B	0AE5	a5	a4	2895248721	2895848721	ecl:23,11,38,21	True	True	True	True
B-0AE5-a5-721-te	B	0AE5	a5	a4	2895248721	2896725217	ecl:23,11,38,21	False	False	False	False
M-0AE5-a5-302-t80k	M	0AE5	a5	a4	2896784302	2896864302	ecl:23,11,38,21	True	True	True	False
M-0AE5-a5-302-t240k	M	0AE5	a5	a4	2896784302	2897024302	ecl:23,11,38,21	True	True	True	False
M-0AE5-a5-302-t600k	M	0AE5	a5	a4	2896784302	2897384302	ecl:23,11,38,21	True	True	True	False
M-0AE5-a5-302-te	M	0AE5	a5	a4	2896784302	2898398541	ecl:23,11,38,21	False	False	False	False
B-0AE5-b8-593-t80k	B	0AE5	b8	b7	3444430593	3444510593	ecl:23,11,38,21	True	True	True	True
B-0AE5-b8-593-t240k	B	0AE5	b8	b7	3444430593	3444670593	ecl:23,11,38,21	True	True	True	True
B-0AE5-b8-593-t600k	B	0AE5	b8	b7	3444430593	3445030593	ecl:23,11,38,21	True	True	True	True
B-0AE5-b8-593-te	B	0AE5	b8	b7	3444430593	3445907704	ecl:23,11,38,21	False	False	False	False
M-0AE5-b8-557-t80k	M	0AE5	b8	b7	3445967557	3446047557	ecl:23,11,38,21	True	True	True	False
M-0AE5-b8-557-t240k	M	0AE5	b8	b7	3445967557	3446207557	ecl:23,11,38,21	True	True	True	False
M-0AE5-b8-557-t600k	M	0AE5	b8	b7	3445967557	3446567557	ecl:23,11,38,21	True	True	True	False
M-0AE5-b8-557-te	M	0AE5	b8	b7	3445967557	3447510048	ecl:23,11,38,21	False	False	False	False
B-0AE5-d101-922-t80k	B	0AE5	d101	a3	26357189922	26357269922	ecl:23,11,38,21	True	True	True	True
B-0AE5-d101-922-t240k	B	0AE5	d101	a3	26357189922	26357429922	ecl:23,11,38,21	True	True	True	True
B-0AE5-d101-922-t600k	B	0AE5	d101	a3	26357189922	26357789922	ecl:23,11,38,21	True	True	True	True
B-0AE5-d101-922-te	B	0AE5	d101	a3	26357189922	26358718128	ecl:23,11,38,21	False	False	False	False
B-2813-d107-804-t80k	B	2813	d107	d106	26469107804	26469187804	ecl:1,17,38,22	True	True	True	True
B-2813-d107-804-t240k	B	2813	d107	d106	26469107804	26469347804	ecl:1,17,38,22	True	True	True	True
B-2813-d107-804-t600k	B	2813	d107	d106	26469107804	26469707804	ecl:1,17,38,22	True	True	True	True
B-2813-d107-804-te	B	2813	d107	d106	26469107804	26472092640	ecl:1,17,38,22	True	True	True	True
B-1E42-d15-580-t80k	B	1E42	d15	d14	5745004580	5745084580	ecl:1,17,38,22	False	False	False	False
B-1E42-d15-580-t240k	B	1E42	d15	d14	5745004580	5745244580	ecl:1,17,38,22	False	False	False	False
B-1E42-d15-580-t600k	B	1E42	d15	d14	5745004580	5745604580	ecl:1,17,38,22	False	False	False	False
B-1E42-d15-580-te	B	1E42	d15	d14	5745004580	5745040536	ecl:1,17,38,22	False	False	False	False
B-0AE5-d17171-426-t80k	B	0AE5	d17171	d17170	33964829426	33964909426	ecl:23,11,38,21	True	True	True	True
B-0AE5-d17171-426-t240k	B	0AE5	d17171	d17170	33964829426	33965069426	ecl:23,11,38,21	True	True	True	True
B-0AE5-d17171-426-t600k	B	0AE5	d17171	d17170	33964829426	33965429426	ecl:23,11,38,21	True	True	True	True
B-0AE5-d17171-426-te	B	0AE5	d17171	d17170	33964829426	33966343551	ecl:23,11,38,21	False	False	False	False
B-0AE5-d226-757-t80k	B	0AE5	d226	d225	6393269757	6393349757	ecl:23,11,38,21	True	True	True	True
B-0AE5-d226-757-t240k	B	0AE5	d226	d225	6393269757	6393509757	ecl:23,11,38,21	True	True	True	True
B-0AE5-d226-757-t600k	B	0AE5	d226	d225	6393269757	6393869757	ecl:23,11,38,21	True	True	True	True
B-0AE5-d226-757-te	B	0AE5	d226	d225	6393269757	6394778615	ecl:23,11,38,21	False	False	False	False
B-0AE5-d25-795-t80k	B	0AE5	d25	d24	6126274795	6126354795	ecl:23,11,38,21	True	True	True	True
B-0AE5-d25-795-t240k	B	0AE5	d25	d24	6126274795	6126514795	ecl:23,11,38,21	True	True	True	True
B-0AE5-d25-795-t600k	B	0AE5	d25	d24	6126274795	6126874795	ecl:23,11,38,21	True	True	True	True
B-0AE5-d25-795-te	B	0AE5	d25	d24	6126274795	6127788095	ecl:23,11,38,21	False	False	False	False
B-0AE5-d28-396-t80k	B	0AE5	d28	d27	6221442396	6221522396	ecl:23,11,38,21	True	True	True	True
B-0AE5-d28-396-t240k	B	0AE5	d28	d27	6221442396	6221682396	ecl:23,11,38,21	True	True	True	True
B-0AE5-d28-396-t600k	B	0AE5	d28	d27	6221442396	6222042396	ecl:23,11,38,21	True	True	True	True
B-0AE5-d28-396-te	B	0AE5	d28	d27	6221442396	6222975781	ecl:23,11,38,21	False	False	False	False
B-0AE5-d465-426-t80k	B	0AE5	d465	d464	17843695426	17843775426	ecl:23,11,38,21	True	True	True	True
B-0AE5-d465-426-t240k	B	0AE5	d465	d464	17843695426	17843935426	ecl:23,11,38,21	True	True	True	True
B-0AE5-d465-426-t600k	B	0AE5	d465	d464	17843695426	17844295426	ecl:23,11,38,21	True	True	True	True
B-0AE5-d465-426-te	B	0AE5	d465	d464	17843695426	17845220093	ecl:23,11,38,21	False	False	False	False
B-1E42-d6213-10-t80k	B	1E42	d6213	d6212	21949502010	21949582010	ecl:1,17,38,22	False	False	False	False
B-1E42-d6213-10-t240k	B	1E42	d6213	d6212	21949502010	21949742010	ecl:1,17,38,22	False	False	False	False
B-1E42-d6213-10-t600k	B	1E42	d6213	d6212	21949502010	21950102010	ecl:1,17,38,22	False	False	False	False
B-1E42-d6213-10-te	B	1E42	d6213	d6212	21949502010	21949539020	ecl:1,17,38,22	False	False	False	False
B-0AE5-d8149-871-t80k	B	0AE5	d8149	d8148	25113649871	25113729871	ecl:23,11,38,21	True	True	True	True
B-0AE5-d8149-871-t240k	B	0AE5	d8149	d8148	25113649871	25113889871	ecl:23,11,38,21	True	True	True	True
B-0AE5-d8149-871-t600k	B	0AE5	d8149	d8148	25113649871	25114249871	ecl:23,11,38,21	True	True	True	True
B-0AE5-d8149-871-te	B	0AE5	d8149	d8148	25113649871	25115173927	ecl:23,11,38,21	False	False	False	False
B-0AE5-d881-456-t80k	B	0AE5	d881	d880	24597060456	24597140456	ecl:23,11,38,21	True	True	True	True
B-0AE5-d881-456-t240k	B	0AE5	d881	d880	24597060456	24597300456	ecl:23,11,38,21	True	True	True	True
B-0AE5-d881-456-t600k	B	0AE5	d881	d880	24597060456	24597660456	ecl:23,11,38,21	True	True	True	True
B-0AE5-d881-456-te	B	0AE5	d881	d880	24597060456	24598571385	ecl:23,11,38,21	False	False	False	False
B-0AE5-g6-346-t80k	B	0AE5	g6	g5	4667562346	4667642346	ecl:23,11,38,21	True	True	True	True
B-0AE5-g6-346-t240k	B	0AE5	g6	g5	4667562346	4667802346	ecl:23,11,38,21	True	True	True	True
B-0AE5-g6-346-t600k	B	0AE5	g6	g5	4667562346	4668162346	ecl:23,11,38,21	True	True	True	True
B-0AE5-g6-346-te	B	0AE5	g6	g5	4667562346	4669032653	ecl:23,11,38,21	False	False	False	False
M-0AE5-g6-275-t80k	M	0AE5	g6	g5	4669092275	4669172275	ecl:23,11,38,21	True	True	True	False
M-0AE5-g6-275-t240k	M	0AE5	g6	g5	4669092275	4669332275	ecl:23,11,38,21	True	True	True	False
M-0AE5-g6-275-t600k	M	0AE5	g6	g5	4669092275	4669692275	ecl:23,11,38,21	True	True	True	False
M-0AE5-g6-275-te	M	0AE5	g6	g5	4669092275	4670612021	ecl:23,11,38,21	False	False	False	False
B-0AE5-j3-593-t80k	B	0AE5	j3	j2	4808748593	4808828593	ecl:23,11,38,21	True	True	True	True
B-0AE5-j3-593-t240k	B	0AE5	j3	j2	4808748593	4808988593	ecl:23,11,38,21	True	True	True	True
B-0AE5-j3-593-t600k	B	0AE5	j3	j2	4808748593	4809348593	ecl:23,11,38,21	True	True	True	True
B-0AE5-j3-593-te	B	0AE5	j3	j2	4808748593	4810266209	ecl:23,11,38,21	False	False	False	False
B-0AE5-k1-294-t80k	B	0AE5	k1	j3	4829000294	4829080294	ecl:23,11,38,21	True	True	True	True
B-0AE5-k1-294-t240k	B	0AE5	k1	j3	4829000294	4829240294	ecl:23,11,38,21	True	True	True	True
B-0AE5-k1-294-t600k	B	0AE5	k1	j3	4829000294	4829600294	ecl:23,11,38,21	True	True	True	True
B-0AE5-k1-294-te	B	0AE5	k1	j3	4829000294	4830536693	ecl:23,11,38,21	False	False	False	False
B-1E42-l2-341-t80k	B	1E42	l2	l1	4934264341	4934344341	ecl:1,17,38,22	False	False	False	False
B-1E42-l2-341-t240k	B	1E42	l2	l1	4934264341	4934504341	ecl:1,17,38,22	False	False	False	False
B-1E42-l2-341-t600k	B	1E42	l2	l1	4934264341	4934864341	ecl:1,17,38,22	False	False	False	False
B-1E42-l2-341-te	B	1E42	l2	l1	4934264341	4934301397	ecl:1,17,38,22	False	False	False	False
B-1E42-l2-542-t80k	B	1E42	l2	l1	4934368542	4934448542	ecl:1,17,38,22	False	False	False	False
B-1E42-l2-542-t240k	B	1E42	l2	l1	4934368542	4934608542	ecl:1,17,38,22	False	False	False	False
B-1E42-l2-542-t600k	B	1E42	l2	l1	4934368542	4934968542	ecl:1,17,38,22	False	False	False	False
B-1E42-l2-542-te	B	1E42	l2	l1	4934368542	4934404753	ecl:1,17,38,22	False	False	False	False
B-1E42-l7-588-t80k	B	1E42	l7	l6	5001503588	5001583588	ecl:1,17,38,22	False	False	False	False
B-1E42-l7-588-t240k	B	1E42	l7	l6	5001503588	5001743588	ecl:1,17,38,22	False	False	False	False
B-1E42-l7-588-t600k	B	1E42	l7	l6	5001503588	5002103588	ecl:1,17,38,22	False	False	False	False
B-1E42-l7-588-te	B	1E42	l7	l6	5001503588	5001542292	ecl:1,17,38,22	False	False	False	False
M-0AE5-q13-251-t80k	M	0AE5	q13	x1	905430251	905510251	ecl:23,11,38,21	True	True	True	False
M-0AE5-q13-251-t240k	M	0AE5	q13	x1	905430251	905670251	ecl:23,11,38,21	True	True	True	False
M-0AE5-q13-251-t600k	M	0AE5	q13	x1	905430251	906030251	ecl:23,11,38,21	True	True	True	False
M-0AE5-q13-251-te	M	0AE5	q13	x1	905430251	906973598	ecl:23,11,38,21	False	False	False	False
B-0AE5-q13-477-t80k	B	0AE5	q13	x1	961142477	961222477	ecl:23,11,38,21	True	True	True	True
B-0AE5-q13-477-t240k	B	0AE5	q13	x1	961142477	961382477	ecl:23,11,38,21	True	True	True	True
B-0AE5-q13-477-t600k	B	0AE5	q13	x1	961142477	961742477	ecl:23,11,38,21	True	True	True	True
B-0AE5-q13-477-te	B	0AE5	q13	x1	961142477	962618946	ecl:23,11,38,21	False	False	False	False
M-0AE5-q13-803-t80k	M	0AE5	q13	x1	962678803	962758803	ecl:23,11,38,21	True	True	True	False
M-0AE5-q13-803-t240k	M	0AE5	q13	x1	962678803	962918803	ecl:23,11,38,21	True	True	True	False
M-0AE5-q13-803-t600k	M	0AE5	q13	x1	962678803	963278803	ecl:23,11,38,21	True	True	True	False
M-0AE5-q13-803-te	M	0AE5	q13	x1	962678803	964319108	ecl:23,11,38,21	False	False	False	False
M-0AE5-q13-278-t80k	M	0AE5	q13	x1	992143278	992223278	ecl:23,11,38,21	True	True	True	False
M-0AE5-q13-278-t240k	M	0AE5	q13	x1	992143278	992383278	ecl:23,11,38,21	True	True	True	False
M-0AE5-q13-278-t600k	M	0AE5	q13	x1	992143278	992743278	ecl:23,11,38,21	True	True	True	False
M-0AE5-q13-278-te	M	0AE5	q13	x1	992143278	993754268	ecl:23,11,38,21	False	False	False	False
M-0AE5-w3-263-t80k	M	0AE5	w3	w2	1379819263	1379899263	ecl:23,11,38,21	True	True	True	False
M-0AE5-w3-263-t240k	M	0AE5	w3	w2	1379819263	1380059263	ecl:23,11,38,21	True	True	True	False
M-0AE5-w3-263-t600k	M	0AE5	w3	w2	1379819263	1380419263	ecl:23,11,38,21	True	True	True	False
M-0AE5-w3-263-te	M	0AE5	w3	w2	1379819263	1381295430	ecl:23,11,38,21	False	False	False	False
M-0AE5-w3-93-t80k	M	0AE5	w3	w2	1381346093	1381426093	ecl:23,11,38,21	True	True	True	False
M-0AE5-w3-93-t240k	M	0AE5	w3	w2	1381346093	1381586093	ecl:23,11,38,21	True	True	True	False
M-0AE5-w3-93-t600k	M	0AE5	w3	w2	1381346093	1381946093	ecl:23,11,38,21	True	True	True	False
M-0AE5-w3-93-te	M	0AE5	w3	w2	1381346093	1382862315	ecl:23,11,38,21	False	False	False	False
M-0AE5-x2-251-t80k	M	0AE5	x2	x1	905430251	905510251	ecl:23,11,38,21	True	True	True	False
M-0AE5-x2-251-t240k	M	0AE5	x2	x1	905430251	905670251	ecl:23,11,38,21	True	True	True	False
M-0AE5-x2-251-t600k	M	0AE5	x2	x1	905430251	906030251	ecl:23,11,38,21	True	True	True	False
M-0AE5-x2-251-te	M	0AE5	x2	x1	905430251	906973598	ecl:23,11,38,21	False	False	False	False
B-0AE5-x2-477-t80k	B	0AE5	x2	x1	961142477	961222477	ecl:23,11,38,21	True	True	True	True
B-0AE5-x2-477-t240k	B	0AE5	x2	x1	961142477	961382477	ecl:23,11,38,21	True	True	True	True
B-0AE5-x2-477-t600k	B	0AE5	x2	x1	961142477	961742477	ecl:23,11,38,21	True	True	True	True
B-0AE5-x2-477-te	B	0AE5	x2	x1	961142477	962618946	ecl:23,11,38,21	False	False	False	False
M-0AE5-x2-803-t80k	M	0AE5	x2	x1	962678803	962758803	ecl:23,11,38,21	True	True	True	False
M-0AE5-x2-803-t240k	M	0AE5	x2	x1	962678803	962918803	ecl:23,11,38,21	True	True	True	False
M-0AE5-x2-803-t600k	M	0AE5	x2	x1	962678803	963278803	ecl:23,11,38,21	True	True	True	False
M-0AE5-x2-803-te	M	0AE5	x2	x1	962678803	964319108	ecl:23,11,38,21	False	False	False	False
M-0AE5-x2-278-t80k	M	0AE5	x2	x1	992143278	992223278	ecl:23,11,38,21	True	True	True	False
M-0AE5-x2-278-t240k	M	0AE5	x2	x1	992143278	992383278	ecl:23,11,38,21	True	True	True	False
M-0AE5-x2-278-t600k	M	0AE5	x2	x1	992143278	992743278	ecl:23,11,38,21	True	True	True	False
M-0AE5-x2-278-te	M	0AE5	x2	x1	992143278	993754268	ecl:23,11,38,21	False	False	False	False
D-fa-0-t80k	D	1282	fa-0	w17	1920922580	1921002580	row:3,5	True	True	True	True
D-fa-0-t240k	D	1282	fa-0	w17	1920922580	1921162580	row:3,5	True	True	True	True
D-fa-0-t600k	D	1282	fa-0	w17	1920922580	1921522580	row:3,5	True	True	True	True
D-fa-0-te	D	1282	fa-0	w17	1920922580	1920942669	row:3,5	True	True	True	True
