lang	key	family	first_round	verdict	source_batch
ja	ecl.1.16.07438	ecl-text	A	accept	01-ecl
ja	ecl.1.16.07639	ecl-text	B	accept	01-ecl
ja	ecl.1.16.07757	ecl-text	A	accept	01-ecl
ja	ecl.2.32.02406	ecl-text	B	accept	02-ecl
ja	ecl.2.32.05465	ecl-text	B	accept	02-ecl
ja	ecl.2.32.07481	ecl-text	B	accept	02-ecl
ja	ecl.2.32.07664	ecl-text	B	accept	02-ecl
ja	ecl.2.32.08065	ecl-text	A	accept	02-ecl
ja	ecl.2.32.08617	ecl-text	B	accept	02-ecl
ja	ecl.2.33.07848	ecl-text	A	accept	03-ecl
ja	ecl.2.34.03110	ecl-text	A	accept	03-ecl
ja	ecl.2.34.03524	ecl-text	B	accept	04-ecl
ja	ecl.2.34.04109	ecl-text	B	accept	04-ecl
ja	ecl.2.35.01720	ecl-text	B	accept	04-ecl
ja	ecl.2.35.01840	ecl-text	B	accept	04-ecl
ja	ecl.3.49.04425	ecl-text	B	accept	05-ecl
ja	ecl.3.49.08063	ecl-text	B	accept	05-ecl
ja	ecl.3.50.03109	ecl-text	B	accept	05-ecl
ja	ecl.3.50.03469	ecl-text	B	accept	05-ecl
ja	ecl.3.50.06385	ecl-text	B	accept	06-ecl
ja	ecl.3.50.06506	ecl-text	B	accept	06-ecl
ja	ecl.3.50.06797	ecl-text	A	accept	06-ecl
ja	ecl.3.50.07444	ecl-text	A	accept	06-ecl
ja	ecl.3.50.07521	ecl-text	A	accept	06-ecl
ja	ecl.3.50.07627	ecl-text	B	accept	06-ecl
ja	ecl.3.52.01000	ecl-text	B	accept	06-ecl
ja	ecl.4.64.01837	ecl-text	B	accept	07-ecl
ja	ecl.4.64.01953	ecl-text	B	accept	07-ecl
ja	ecl.4.65.02796	ecl-text	A	accept	08-ecl
ja	ecl.4.65.05710	ecl-text	A	accept	08-ecl
ja	ecl.4.66.04262	ecl-text	A	accept	09-ecl
ja	ecl.4.66.06755	ecl-text	B	accept	09-ecl
ja	ecl.5.81.02451	ecl-text	A	accept	12-ecl
ja	ecl.5.81.02524	ecl-text	A	accept	12-ecl
ja	ecl.5.81.02586	ecl-text	A	accept	12-ecl
ja	ecl.5.81.02658	ecl-text	A	accept	12-ecl
ja	ecl.5.81.03936	ecl-text	B	accept	12-ecl
ja	ecl.5.81.04735	ecl-text	A	accept	12-ecl
ja	ecl.5.81.05702	ecl-text	B	accept	12-ecl
ja	ecl.5.81.07118	ecl-text	B	accept	13-ecl
ja	ecl.5.82.04161	ecl-text	B	accept	14-ecl
ja	ecl.5.82.05380	ecl-text	B	accept	14-ecl
ja	ecl.5.82.05446	ecl-text	B	accept	14-ecl
ja	ecl.5.82.06040	ecl-text	B	accept	14-ecl
ja	ecl.5.83.05448	ecl-text	S	alt	15-ecl
ja	ecl.6.96.05954	ecl-text	B	accept	16-ecl
ja	ecl.6.97.04873	ecl-text	B	accept	17-ecl
ja	ecl.6.97.07326	ecl-text	B	accept	18-ecl
ja	frag.dd2da64f66dc	engine-fragment	B	accept	37-frag
ja	frag.df780ec34d87	engine-fragment	B	accept	36-frag
ja	hmenu.14c9a4669356	hmenu	S	alt	21-hmenu
ja	hmenu.17fb8f734991	hmenu	B	accept	22-hmenu
ja	hmenu.1d5735a13d36	hmenu	B	accept	22-hmenu
ja	hmenu.2bd0fbbc2989	hmenu	B	accept	23-hmenu
ja	hmenu.69b98de6b39c	hmenu	B	accept	26-hmenu
ja	hmenu.69e349285747	hmenu	B	accept	26-hmenu
ja	hmenu.72489b9c5172	hmenu	B	accept	26-hmenu
ja	hmenu.7c6cfd76225a	hmenu	B	accept	27-hmenu
ja	hmenu.842ca2e61c0e	hmenu	B	accept	27-hmenu
ja	hmenu.8f20a99eae52	hmenu	A	accept	28-hmenu
ja	hmenu.d123013a3cf1	hmenu	B	accept	31-hmenu
ja	hmenu.d35edfbed216	hmenu	B	accept	31-hmenu
ja	hmenu.dcc71b7d0dc4	hmenu	A	accept	32-hmenu
ja	hmenu.dd2da64f66dc	hmenu	B	propagate	propagate
ja	hmenu.ddda5e25a150	hmenu	B	accept	32-hmenu
ja	hmenu.e4723b340ea8	hmenu	A	accept	32-hmenu
ja	hmenu.ea0890697a77	hmenu	A	accept	32-hmenu
ja	hmenu.efbde73cf7b4	hmenu	B	accept	33-hmenu
ja	hmenu.f79ebae4aae3	hmenu	A	accept	33-hmenu
ja	logbook.39	logbook	B	accept	41-logbook
ja	logbook.52	logbook	A	alt	42-logbook
ja	manual.log.37.desert_ape_pilots	manual	B	accept	manual
ja	manual.rules.careers	manual	B	accept	manual
ja	manual.rules.technical_skills	manual	A	accept	manual
ko	ecl.1.17.00417	ecl-text	A	accept	01-ecl
ko	ecl.1.17.01596	ecl-text	B	accept	01-ecl
ko	ecl.1.17.01620	ecl-text	B	accept	01-ecl
ko	ecl.2.32.02764	ecl-text	B	accept	02-ecl
ko	ecl.3.48.06719	ecl-text	A	accept	04-ecl
ko	ecl.4.64.01580	ecl-text	B	accept	06-ecl
ko	ecl.4.65.04635	ecl-text	B	accept	08-ecl
ko	ecl.5.80.06485	ecl-text	B	accept	11-ecl
ko	ecl.5.81.05547	ecl-text	B	accept	12-ecl
ko	ecl.5.82.03946	ecl-text	A	accept	14-ecl
ko	ecl.5.82.08425	ecl-text	A	accept	14-ecl
ko	ecl.5.83.05448	ecl-text	A	accept	15-ecl
ko	ecl.6.97.04349	ecl-text	B	accept	17-ecl
ko	ecl.6.97.04394	ecl-text	B	accept	17-ecl
ko	ecl.6.98.04264	ecl-text	B	accept	19-ecl
ko	ecl.6.98.04394	ecl-text	B	accept	19-ecl
ko	ecl.6.98.06802	ecl-text	B	accept	19-ecl
ko	ecl.6.98.08489	ecl-text	B	accept	19-ecl
ko	frag.709c88e3d9ac	engine-fragment	S	propagate	propagate
ko	frag.b6337bdcf05e	engine-fragment	S	alt	39-frag
ko	frag.bb8b4c33ff1d	engine-fragment	S	alt	39-frag
ko	frag.c846885c500a	engine-fragment	B	accept	35-frag
ko	hmenu.14c9a4669356	hmenu	A	accept	21-hmenu
ko	hmenu.226e0758bf81	hmenu	B	accept	22-hmenu
ko	hmenu.53798f5fd9ee	hmenu	B	accept	25-hmenu
ko	hmenu.5592b4048986	hmenu	B	accept	25-hmenu
ko	hmenu.59b0d70eeded	hmenu	B	accept	25-hmenu
ko	hmenu.65108526a62e	hmenu	B	accept	25-hmenu
ko	hmenu.709c88e3d9ac	hmenu	S	alt	26-hmenu
ko	hmenu.7ae22a60d86a	hmenu	B	accept	27-hmenu
ko	hmenu.a23d2d16a08e	hmenu	B	accept	29-hmenu
ko	hmenu.a69403506845	hmenu	B	accept	29-hmenu
ko	hmenu.a768e1003362	hmenu	B	accept	29-hmenu
ko	hmenu.b479932c66f3	hmenu	B	accept	30-hmenu
ko	hmenu.dcc71b7d0dc4	hmenu	S	main	連帶檢查
ko	hmenu.e768457adba3	hmenu	B	accept	32-hmenu
ko	item.b6337bdcf05e	item-word	B	accept	43-names
ko	item.bb8b4c33ff1d	item-word	B	accept	43-names
ko	logbook.13	logbook	B	alt	40-logbook
ko	logbook.19	logbook	A	accept	40-logbook
ko	manual.bestiary.terrine	manual	B	accept	manual
ko	manual.log.68.lens_treatise	manual	B	accept	manual
ko	manual.rules.careers	manual	B	accept	manual
ko	manual.rules.character_races	manual	B	accept	manual
ko	manual.rules.ranged_weapons	manual	B	accept	manual
