sequence	input_path	event_role	event_key	original_length	original_sha256	caller	background	foreground	row	column
1	down-up	unselect-first-class	class.selection.normal.rocket_jock	11	86e1e1a3338833f3ff16dfc15fc561fd99ffd1aefb2756a16afea104d57555f1	37F1:1856	0	10	3	3
2	down-up	select-second-class	class.selection.selected.medic	5	25877b98fccba1d5a34b052c47e3265d8723b23fb696fb358fe6fc042dddb6db	37F1:175D	15	0	4	3
3	down-up	unselect-second-class	class.selection.normal.medic	5	25877b98fccba1d5a34b052c47e3265d8723b23fb696fb358fe6fc042dddb6db	37F1:1856	0	10	4	3
4	down-up	select-first-class	class.selection.selected.rocket_jock	11	86e1e1a3338833f3ff16dfc15fc561fd99ffd1aefb2756a16afea104d57555f1	37F1:175D	15	0	3	3
5	escape	unselect-first-class	class.escape.normal.rocket_jock	11	86e1e1a3338833f3ff16dfc15fc561fd99ffd1aefb2756a16afea104d57555f1	37F1:1856	0	10	3	3
6	escape	return-menu-row-1	menu.return.row1	20	ac461667a825d608971320c5e9a9b0c3beddba13cdf3a659b5d03dd578a13fa7	37F1:15BD	0	10	12	9
7	escape	return-menu-row-2	menu.return.row2	21	d31754823288b10941ac65c8731360cdc55c604ad87478ffa0f435fe17762dd9	37F1:15BD	0	10	13	9
8	escape	return-menu-row-3	menu.return.row3	15	7ffbeb7f1164aa6fe118718f48287dc9df5af7f6d8f84676df81f949c55ff4db	37F1:15BD	0	10	14	9
9	escape	return-menu-row-4	menu.return.row4	25	b0f82822456b6fd815be97c43ce3017dd7445ec36655d265754f2e6a16a9742c	37F1:15BD	0	10	15	9
10	escape	return-menu-row-5	menu.return.row5	11	622af18ec40b9e50d8ee66ca0da3e2071c85104b5fe4e3f07ea3b7ff116a7b4e	37F1:15BD	0	10	16	9
11	escape	return-menu-selected-row-1	menu.return.selected.row1	20	ac461667a825d608971320c5e9a9b0c3beddba13cdf3a659b5d03dd578a13fa7	37F1:175D	15	0	12	9
12	escape	return-menu-command-hint	menu.return.command_hint	18	925f9d44689040dbbecd13614cbe9c786da2e278dfeec900b17c19de3b08b572	37F1:101E	0	13	24	0
