caller	note
OVR:27BBE:051D	戰鬥右欄生命值標籤（phase-258）
OVR:27BBE:0560	戰鬥右欄 AC 標籤（phase-258）
OVR:27BBE:0A58	移動受阻與隊友瀕死訊息（phase-258）
0763:1282	技能使用與治療結果（phase-258 補充樣本）
OVR:0D80A:24BD	戰鬥開始（phase-258 補充樣本）
OVR:114F6:062D	瀕死尾句（phase-258 補充樣本）
OVR:081D9:0815	戰鬥勝利（phase-258 補充樣本）
OVR:081D9:086C	經驗值分配前句（phase-258 補充樣本）
OVR:081D9:088D	經驗值分配後句（phase-258 補充樣本）
OVR:081D9:08DF	發現戰利品（phase-258 補充樣本）
OVR:2BA60:2163	隊伍表頭名稱（phase-258 補充樣本）
OVR:2BA60:2184	隊伍表頭 AC HP（phase-258 補充樣本）
0763:0C42	事件後按鍵提示（dispatcher 版，phase-258 補充樣本）
OVR:1B6E8:007C	商店個人資金（phase-266）
OVR:1B6E8:00CD	商店共同資金（phase-266）
OVR:27BBE:02D5	角色頁武器與護甲列（phase-266）
OVR:27BBE:2AF5	探索畫面座標列（phase-268）
OVR:2BA60:2391	物品畫面標題所有格（phase-273）
OVR:21832:1C20	物品畫面標題 Gear（phase-273）
OVR:21832:1C41	物品畫面 Ready Item（phase-273）
