event_key	record_index	page	heading_ascii	ordinal	text_key
manual.page24.the_elevator.word5	23	24	The Elevator	5	manual.log.11.the_elevator
manual.page27.the_king_in_0_g.word3	25	27	The King in 0-G	3	manual.log.18.king_in_zero_g
manual.page30.jupiter_arrival.word6	28	30	Jupiter Arrival	6	manual.log.32.jupiter_arrival
manual.page32.the_great_rift.word3	30	32	The Great Rift	3	manual.log.43.great_rift
manual.page34.deimos_prison.word10	32	34	Deimos Prison	10	manual.log.49.deimos_prison
manual.page35.bucks_capture.word8	33	35	Buck's Capture	8	manual.log.56.bucks_capture
manual.page36.acidic_victory.word7	34	36	Acidic Victory	7	manual.log.57.acidic_victory
manual.page37.alert_screen.word3	35	37	Alert Screen	3	manual.log.63.alert_screen
manual.page38.lens_treatise.word9	36	38	Lens Treatise	9	manual.log.68.lens_treatise
