record_index	page	heading_ascii	status	source_scan	archive_order	source_sha256	printed_page	source_anchor_zh	note
1	1	2456	confirmed	SCAN0352_004.jpg	31	08b8504eb4b9adffb0f8b165b157d893040d86b06b121d09977eda531c7c5a6c	3	2456年	年份與段落標題直接吻合。
2	2	2456(Now)	confirmed	SCAN0352_004.jpg	31	08b8504eb4b9adffb0f8b165b157d893040d86b06b121d09977eda531c7c5a6c	4	2456年（現在）	年份與現在標記直接吻合。
3	3	More on Abilities	confirmed						勘誤：舊稿將中文掃描第 7 頁的技術／EXP／LEVEL／HP 誤視為 More on Abilities 全段；原版英文 Log Book 第 3 頁此標題下實際只有能力修正表與技能影響的索引句，因此直接由原書英文翻譯，不冒充中文掃描段落。來源 https://www.freegameempire.com/games/Buck-Rogers-Countdown-to-Doomsday/manual （2026-09-22 查閱）。
4	4	Character Races	confirmed	SCAN0352_006.jpg	33	07c5a746521d13e0e91b33669021802d34746277845d4c0a384ba4a89eeab6eb	8	B. 人物種族	章節語意直接吻合，內容續至下一張掃描。
5	5	Careers	confirmed	SCAN0352_007.jpg	34	3e83ad2dc6a4c173a3d862333195f4d6b793db43f97bd7b7bc2f36e102e56e38	10	C. 職業	章節語意直接吻合，內容續至 SCAN0352_009.jpg。
6	6	Rogues	confirmed	SCAN0352_009.jpg	36	5cc135e72c8a165eb807f800606f229e3ab5faf7fb24877d32aa87bc10bcb717	14	4. 流浪漢（ROGUES）	中英職業名並列。
7	7	Skills	confirmed	SCAN0352_010.jpg	37	4196144f243de36767e49aae2bf408dcf681b2fa9f4d4f00efdf2f19b6e4ea84	16	D. 技能	章節語意直接吻合。
8	8	Unused Skills	confirmed	SCAN0352_011.jpg	38	0ad434a17ccc32f58e9dc0d0add09266e7ff4584d695967f63eaa9fcbc20ec61	17	5. 預設技能	段落明寫部分技能在本遊戲用不到。
9	9	Medic Skills	confirmed	SCAN0352_012.jpg	39	dd4cec6e97c8077d59ede60bb9f40a6ff7bf8d73d274b178055a27e7436674be	20	c. 醫學技能（MEDIC SKILLS）	中英類別名並列，內容續至下一張掃描。
10	10	Skills Mix	confirmed	SCAN0352_014.jpg	41	634eaea8e6caf753fd46de92e24cad4a5ad987cf9bc80cf5764571596f56d794	24	7. 組隊需知／b. 技能的混合	標題語意直接吻合。
11	11	Money	confirmed	SCAN0352_015.jpg	42	8a5c2c43412c649d05f46f7f353cb489c6fc3a43dcafd7cbce4fb6f38a6b42ce	25	F. 錢	勘誤：重新目視原圖見 F. 錢標題；原版英文 Log Book 第 11 頁 MONEY 的貨幣／金融卡內容同段，舊 OCR 漏掉標題。英文原書文字見 https://www.freegameempire.com/games/Buck-Rogers-Countdown-to-Doomsday/manual 。
12	12	Damage	confirmed	SCAN0352_016.jpg	43	8a115364ffc3e565ca276d3f2c3a93926f456f5f76e12656d1caff6a0bce6824	28	C. 傷害	標題語意直接吻合。
13	13	Range	confirmed	SCAN0352_017.jpg	44	a83b2512261937a80c9491051bd03b3aea73fb1cdf01555b497aaf197370f39c	30	J. 範圍	標題語意直接吻合。
14	14	Rocketships	confirmed	SCAN0352_019.jpg	46	88ec475c179e5aeeed1a90ada1a410de8d417f670dc0ed886e4a36deefb36ba5	33	A. 火箭	章節介紹火箭船與系統，語意吻合。
15	15	Mercury	confirmed	SCAN0352_019.jpg	46	88ec475c179e5aeeed1a90ada1a410de8d417f670dc0ed886e4a36deefb36ba5	34	D. 水星（MERCURY）	中英星名並列，內容續至下一張掃描。
16	16	Earth	confirmed	SCAN0352_020.jpg	47	c668c2e6f30b788794c9c33eda9285f1d7a9902a4d9743ba3ebda3f1f3a6651d	36	F. 地球（EARTH）	中英星名並列。
17	17	Mars	confirmed	SCAN0352_020.jpg	47	c668c2e6f30b788794c9c33eda9285f1d7a9902a4d9743ba3ebda3f1f3a6651d	36	H. 火星（MARS）	中英星名並列，內容續至下一張掃描。
18	18	Salvage	confirmed	SCAN0352_022.jpg	49	4c3ca194d1f9ce54790f04b428309b4c2e9529e3d7a0be14fc876cee9c3907e1	40	F. 接收敵艦	勘誤：重新目視原圖可讀為「接收敵艦」；原版英文 Log Book 第 18 頁 Salvage 的 NEO 拖船／回收補助同段，直接對應。英文原書文字見 https://www.freegameempire.com/games/Buck-Rogers-Countdown-to-Doomsday/manual 。
19	19	Ranged Weapons	confirmed	SCAN0352_023.jpg	50	78d01f44f61b8eeadf811f13ecaf78691194959da35fff59122c13f295bed00a	41	B. 遠距離武器	標題語意直接吻合。
20	21	Gear Quality	confirmed	SCAN0352_025.jpg	52	7540595fffc24cced974268bb82a61198110be9720217118e801642c3a918a3d	45	F. 裝備品質	標題語意直接吻合。
21	22	Terrine	confirmed	SCAN0352_026.jpg	53	ed8299686882469d6c3df570dde98d131f73ceb1f00f405c38629a6217fec432	48	TERRINE（殺手）	英文生物名直接並列。
22	23	Scot's Alarm	confirmed	SCAN0352_027.jpg	54	585b048b3bf4ead056e63f5df67a3603ad1e6ab4547a135472384a0bcfb65953	50	5. Scot.dos 的警告	人物與警告語意直接吻合。
23	24	The Elevator	confirmed	SCAN0352_028.jpg	55	f75bd9d9a1edf55543719a219da51f389a3303e62119905682bb5b06ffcc70bc	52	11. 昇降機	標題語意直接吻合。
24	26	Meeting with Robot	confirmed	SCAN0352_030.jpg	57	0b3583be9c512f0a020800002be816e7b575a4329449e5c5bfef8b080628c248	55	15. RAM 機械人	段落描述初次遇見並修復機械人。
25	27	The King in 0-G	confirmed	SCAN0352_031.jpg	58	cf9763d7d99c74e6a9b24a501a982ae21a0fee624b050b983749dcea308de53a	58	18. 無重力狀態下的蛙王	標題語意直接吻合。
26	28	Robot and Buck	confirmed	SCAN0352_033.jpg	60	8e1fb68765a48e18f39f900783d2e808f5feb3984f05290dbb2d0d3579b1c621	61	25. 巴克和機械人	標題人物直接吻合。
27	29	Buck's Speech.	confirmed	SCAN0352_033.jpg	60	8e1fb68765a48e18f39f900783d2e808f5feb3984f05290dbb2d0d3579b1c621	62	27. 巴克的演講	標題直接吻合。
28	30	Jupiter Arrival	confirmed	SCAN0352_034.jpg	61	2b9418ef522f2bf80d9d798eeb2d94ecff57d99e758bf94b5ad4571f407fc56d	64	32. 抵達木星	標題語意直接吻合。
29	31	Desert Ape Pilots	confirmed	SCAN0352_035.jpg	62	7d4fcad8155393fb010a0d1043412970628931104355f18d96de8a044a7d2085	66	37. 沙漠猴與航艦	段落描述沙漠猴闖入駕駛艙並駕走航艦。
30	32	The Great Rift	confirmed	SCAN0352_037.jpg	64	d2ca8d0ba4b515dc8b955a4c7bb58e531684b71da43c88819567bbeb4deaa709	70	43. 大裂縫	標題直接吻合。
31	33	Talon's Speech	confirmed	SCAN0352_037.jpg	64	d2ca8d0ba4b515dc8b955a4c7bb58e531684b71da43c88819567bbeb4deaa709	70	44. 泰隆（Talon）的講話	中英人物名與事件直接吻合。
32	34	Deimos Prison	confirmed	SCAN0352_039.jpg	66	7228f976709a40350f5bf5565830cd44724a1de7e989ac5924d4e61ab5c51f35	73	49. 在監獄中	段落明寫戴蒙斯（Deimos）基地與 Stockade。
33	35	Buck's Capture	confirmed	SCAN0352_040.jpg	67	b80a51063a0fa2d0982b4e626e33009d4965dd6c4f0789dedff97b8895d8ba19	76	56. 巴克羅吉斯被捕	標題直接吻合。
34	36	Acidic Victory	confirmed	SCAN0352_041.jpg	68	3ddcc14a8c93ec2d6b65d6fbae7193c1c3f6b5714b9b46585c625070a7940afc	77	57. 蛙王的勝利	段落描述酸液蛙群與勝利場景。
35	37	Alert Screen	confirmed	SCAN0352_042.jpg	69	aab019e2b8ddcf6082afe605babe9ae2b23f4937362fff041ff43014c82c86b3	80	63. 閃爍的螢幕	螢幕顯示 RAM 紫色警戒訊息。
36	38	Lens Treatise	confirmed	SCAN0352_043.jpg	70	465f6b6e0e46f820493a4fb866f4d94bc03bc6c8db7fa5d3d22756144f247e6c	81	68. 有關透鏡的消息	段落解說透鏡聚集與反射太陽能。
37	39	Appendix	confirmed	SCAN0352_044.jpg	71	e482c0c5522880f137922197e744b2ca49294b889d6e47eb3ff39542fe1e5743	83	附錄	標題直接吻合。
38	41	Technical Skills	confirmed	SCAN0352_046.jpg	73	cb945ff43ab9d72b407fa87c5e20109cbd4fa4218a01109d402e35c3d81c4367	87	TECHNICAL SKILLS：技術性技能	中英類別名直接並列。
39	42	Roll.	confirmed						繁中掃描只到印刷頁 87；本題改以原版英文 Rule Book 第 42 頁 GLOSSARY OF GAME TERMS 的 ROLL. 原段直接翻譯，非中文掃描譯文；來源 https://www.freegameempire.com/games/Buck-Rogers-Countdown-to-Doomsday/manual （2026-09-22 查閱）。
