event_key	original_length	original_sha256
monster.9263c8474401	9	9263c8474401f7b8489a5ec62f802297d62ab91ba85bd892f10ad13b640bb657
monster.9aad740b15f2	9	9aad740b15f24904a88887ae7d5aa34b46c8b1a8c0744a528d7acc584f2c90f1
monster.775a6ac3555c	12	775a6ac3555cdac7c1ec758c5edcd736ca35aa9c35f4c783b32b5dc230760663
monster.0a4a268a9b78	11	0a4a268a9b788b9f6e51c0a327864b01d039d4ddb2166882683328e3a204e1b5
monster.72eb4b94c8bc	12	72eb4b94c8bc008dc942c2bfc8957efaa27d7b63ae2bbbc5e9de745c4f159329
monster.26384f95ea58	12	26384f95ea584a3e7fbc3a189d25a689cda3a02db89f4961a9b28e16e6abee71
monster.3e4c9cfc6ddb	10	3e4c9cfc6ddba9da2ffab9af4165c4fe057470bf7b45dbc907ab1b705158c713
monster.882f4fc785e2	9	882f4fc785e29165d072cce955fa68e951f7e752564763c77a9e687fe06747c1
monster.62e3da92a84a	9	62e3da92a84a48b4196e94c2efacf43be0e52f24fd9c7a611f0a20120b97cd45
monster.5ea2a4426345	10	5ea2a44263454af3a69b56c2d32702cca4f30127e94fb7121b266f17b11f7e5c
monster.18ea5e752cd7	10	18ea5e752cd7313688f7646c5198e130da2ab6f3d14185839e87173b2a95d569
monster.904007eb42d8	11	904007eb42d8fda02a3cc894819aeecb06d69ca96f547312a5106800331bc735
monster.bf7519b8e122	7	bf7519b8e122f98db4ddede0ddd08cfbf5b8be2b44d9bc14ba4d23f91db6e702
monster.eef15289c553	15	eef15289c553e4e7a945e0dd0e1ba6a10b0817c768cbb271e6b3297d57cd3a1d
monster.c07a2b0dbe29	14	c07a2b0dbe296f23e3293dfea15d28d1f9c24a960270a83dc86948c6466f8cd0
monster.e78909e14921	11	e78909e14921f6b19688de8182b911a27f71a2a530d70451ebb4e922ade4fb3c
monster.1ebf1ea0b767	15	1ebf1ea0b767856e65508f9259f74fb9a3cb0c82bc8a0d780dd0577eedfbbfcf
monster.9eb331abc433	11	9eb331abc433568a593e34a8470387725abf11b41f3c69ae54b8dd46bb2a633f
monster.00bb99df3889	15	00bb99df3889a9f41779d4df9e9284c6282ac1db8306b01fea7987ac1ae4bafa
monster.0be89a56186e	12	0be89a56186ed82c8d878dc7e8440a14b8b0f905791eeeaa806e6c19901ba6d3
monster.926e36e29dd7	11	926e36e29dd70ef5b26ab20e805d53a0bbc17bd59564ce6e961822f69eacbe3f
monster.3e642e6e9741	15	3e642e6e97412e0081117c52212530139ad27441d0bbb18adf4aff8ac9d907bf
monster.0a728684a574	13	0a728684a5746710b24e7d6829018a3ce334160e2a0e2e8ceb22a8f02be39371
monster.21d94ebabd73	14	21d94ebabd734cffd187e878967a7a434ffe42a3b8cf2c6f594c3f6b26052a58
monster.1049d02506bd	12	1049d02506bd88040d3fb7c52f143c5d24b22f459b157792d8f1d15a0cf687bf
monster.68f547eb4f8e	15	68f547eb4f8e775d2d57dda27279fa68eec432d0bbbd0716e0a2ea4fce9f4706
monster.94751c9e3352	14	94751c9e335272a97cceb25b8e5f6d106a977246b1de6933e52e018b18ed8f2a
monster.e7d0e28fc3f7	15	e7d0e28fc3f7706c45f88418ed68246742911c9894f61464e85f0f4468bc0604
monster.7b8c79c61dc7	14	7b8c79c61dc7df71ae68263395d1aaf5f25e46b6669a22ae5286d76b0838f37f
monster.4b6ff8ba9f4a	14	4b6ff8ba9f4a74632ebc69dfb633416b43740e538e499b680547fccfbdb40392
monster.aa6529111d71	14	aa6529111d715a7d103374f268e1968c7efab647b74e7d5fbcfc5cc8b72000ff
monster.8a80be6d6fed	14	8a80be6d6fed50aea8126283fd2a74a6c329b915b09504ca35a09b6004632d35
monster.1e9ecb8096ce	15	1e9ecb8096ce5ad69278da25ffbc8a5118e73b9c459d906cbf25dc18077b5003
monster.d88610d9d708	15	d88610d9d708260eb1347e92f8b21e6c37a4a2d916e69488b58cf8f6ebd63769
monster.f43407f66c97	14	f43407f66c97be56c5410c2687681673df44bf4bb5436177a374e82b596544cc
monster.7448b0090d5b	15	7448b0090d5bc3e8079b7611fe12bdc8965e677ba30f2af197d002b615ca8ae7
monster.71984a8bcf62	11	71984a8bcf62a1e3c77b258e66028674606ce930f533aeaa5f2ea204b148e167
monster.7eb60087cfc1	10	7eb60087cfc1566ee510c9bf99e8b240a3b602161b45449d461edb3e6ee82d98
monster.4da464d32ed6	15	4da464d32ed6dffa633fc3671299f573d1edd0b7fbdd5f97de98a45a70f69873
monster.8f1521df03c9	9	8f1521df03c97fa142cae13d665d376b35af6d5383a1ec51a6a17dda7bd74b41
monster.497e9a96aa9b	12	497e9a96aa9b63514f295e90be91bc87d31534095e2b9678412e211b0d2ac42f
monster.4efcf524d725	12	4efcf524d725f6949402adc4e9e2cca7a425176a317a6b3a6a5702e6395d0af9
monster.4b3468132949	5	4b34681329498a03cf836ddfa4bf0857df8aaa179086077f0d0b1abf4eab917a
monster.78ade3da0151	14	78ade3da01516d374d6522bb6803888d01414a2779ac889a240ff31a8916353f
monster.83a097b6bade	15	83a097b6bade6c654c7ebb3ea0109e10d740f9249a58eb4eba07f26b17e483ff
monster.4eb6f0fd87de	6	4eb6f0fd87de408fd17614643cb5286b30b4a86228403ce4180a36f6042222b6
monster.376c8d3cfe9f	8	376c8d3cfe9f2f6688d9cb7cd7f23e3d00c8a69293c345adda43ae6b84ec8f01
monster.97aab71ff8c5	15	97aab71ff8c5741b15b50c0888db4ce0624b4226ffcddb324a86b6f56ccd923c
monster.a4da3f4fffd1	4	a4da3f4fffd14eed8a1280b6e6cc16159e9b74e83a7f086a79aa0cd853bc085a
