event_key	sequence	event_role	inference_level	entry_step	post_call_step	original_length	original_sha256	caller	background	foreground	row	column
character.reroll.y.ability_rerolled_value.001	1	ability_rerolled_value	confirmed	101407484	101409226	2	6b51d431df5d7f141cbececcf79edf3dd861c3b4069f0b11661a3eefacbba918	2368:0A2C	0	15	15	7
character.reroll.y.ability_rerolled_value.002	2	ability_rerolled_value	confirmed	101410966	101412708	2	3fdba35f04dc8c462986c992bcf875546257113072a909c162f7e470e581e278	2368:0A2C	0	15	16	7
character.reroll.y.ability_rerolled_value.003	3	ability_rerolled_value	confirmed	101414444	101416187	2	b17ef6d19c7a5b1ee83b907c595526dcb1eb06db8227d650d5dda0a9f4ce8cd9	2368:0A2C	0	15	17	7
character.reroll.y.ability_rerolled_value.004	4	ability_rerolled_value	confirmed	101417913	101419655	2	6b51d431df5d7f141cbececcf79edf3dd861c3b4069f0b11661a3eefacbba918	2368:0A2C	0	15	18	7
character.reroll.y.ability_rerolled_value.005	5	ability_rerolled_value	confirmed	101421393	101423136	2	4ec9599fc203d176a301536c2e091a19bc852759b255bd6818810a42c5fed14a	2368:0A2C	0	15	19	7
character.reroll.y.ability_rerolled_value.006	6	ability_rerolled_value	confirmed	101424870	101426618	2	8527a891e224136950ff32ca212b45bc93f69fbb801c3b1ebedac52775f99e61	2368:0A2C	0	15	20	7
character.reroll.y.ability_rerolled_value.007	7	ability_rerolled_value	confirmed	101428336	101430078	2	3fdba35f04dc8c462986c992bcf875546257113072a909c162f7e470e581e278	2368:0A2C	0	15	21	7
character.reroll.y.summary_redraw.008	8	summary_redraw	confirmed	101432041	101437639	7	08a7b0e77479c5aaeeb283da6f96b5f684c31763047597d36f068d8a43956c08	37F1:24E4	0	15	1	31
character.reroll.y.summary_redraw.009	9	summary_redraw	confirmed	101438303	101440047	2	4a44dc15364204a80fe80e9039455cc1608281820fe2b24f1e5233ade6af1dd5	37F1:241C	0	15	2	36
character.reroll.y.summary_redraw.010	10	summary_redraw	confirmed	101440288	101442798	3	bfe5a3f74687d956eeebc11adbdfbee4fed9f368860b5a9d0eb18d4e0adf56b1	2368:0707	0	15	3	35
character.reroll.y.summary_redraw.011	11	summary_redraw	confirmed	101443267	101447339	5	a97ace80ab447f332eea47e6437b62584c6fcf813298652a1db561585651fd96	2368:074B	0	15	9	33
character.reroll.y.summary_redraw.012	12	summary_redraw	confirmed	101447955	101453567	7	f65337bcddb5f87484c1b2271990d2177a4dd1563f4c97b7c37f28d4e9fac1fa	2368:079E	0	15	9	8
character.reroll.y.summary_redraw.013	13	summary_redraw	confirmed	101454255	101459852	7	9d8ad78e92c8261a827c13053faa3233309c7900c043eec3c5022f2865c952a2	2368:08A5	0	15	10	8
character.reroll.y.skill_label.014	14	skill_label	confirmed	101460724	101465510	6	65659145569b894bd67d06e685509c2decc5b2ac5e18700c085a253506b0fb75	2368:0945	0	10	15	12
character.reroll.y.skill_value.015	15	skill_value	confirmed	101465871	101468395	3	97d2e845c60987d38f0a97f9e0e0bc9946bf55a499a1f0e5257b0978bbec85e3	2368:099C	0	15	15	34
character.reroll.y.skill_label.016	16	skill_label	confirmed	101468505	101479393	14	21a508147eccbbd32ae15709337ed29fbb794d71950f3ea11b950445c06b95b6	2368:0945	0	10	16	12
character.reroll.y.skill_value.017	17	skill_value	confirmed	101479754	101482278	3	97d2e845c60987d38f0a97f9e0e0bc9946bf55a499a1f0e5257b0978bbec85e3	2368:099C	0	15	16	34
character.reroll.y.skill_label.018	18	skill_label	confirmed	101482388	101490991	11	66773645acce0a3a700727a0191659fbdb1d32ca37eadfbcd8c5064c27ad1ce1	2368:0945	0	10	17	12
character.reroll.y.skill_value.019	19	skill_value	confirmed	101491402	101493910	3	63c204b6ee426d9e3173030b93ba080b3e922fbdf49b1d1835e9c96166d5d363	2368:099C	0	15	17	34
character.reroll.y.skill_label.020	20	skill_label	confirmed	101494020	101503396	12	012f9df23526751f3997c942506c4fdd5ccd2f2c74b41c9bda232706ec8e93d6	2368:0945	0	10	18	12
character.reroll.y.skill_value.021	21	skill_value	confirmed	101503807	101506315	3	63c204b6ee426d9e3173030b93ba080b3e922fbdf49b1d1835e9c96166d5d363	2368:099C	0	15	18	34
character.reroll.y.skill_label.022	22	skill_label	confirmed	101506425	101518852	16	d818fc89e110e453a56fd0b548ca62f22b275e37860a7eb1ffa2119ca2b58c4e	2368:0945	0	10	19	12
character.reroll.y.skill_value.023	23	skill_value	confirmed	101519263	101521771	3	63c204b6ee426d9e3173030b93ba080b3e922fbdf49b1d1835e9c96166d5d363	2368:099C	0	15	19	34
character.reroll.y.skill_label.024	24	skill_label	confirmed	101521881	101534287	16	8a7cd9760cdcb2d5b197b895792121212350a967d2c5e42c995ee3d36aa96ca5	2368:0945	0	10	20	12
character.reroll.y.skill_value.025	25	skill_value	confirmed	101534698	101537206	3	63c204b6ee426d9e3173030b93ba080b3e922fbdf49b1d1835e9c96166d5d363	2368:099C	0	15	20	34
character.reroll.y.skill_label.026	26	skill_label	confirmed	101537316	101549742	16	43f03467ae899c50f6c7fef25158321ba6c8c7f68c025ad6765b670ead35df26	2368:0945	0	10	21	12
character.reroll.y.skill_value.027	27	skill_value	confirmed	101550153	101552661	3	63c204b6ee426d9e3173030b93ba080b3e922fbdf49b1d1835e9c96166d5d363	2368:099C	0	15	21	34
character.reroll.y.skill_label.028	28	skill_label	confirmed	101552771	101562132	12	4b591c8f59593805185a3031494d99f2884beecbadda4e1bf70b84ba8bfc66aa	2368:0945	0	10	22	12
character.reroll.y.skill_value.029	29	skill_value	confirmed	101562543	101565051	3	63c204b6ee426d9e3173030b93ba080b3e922fbdf49b1d1835e9c96166d5d363	2368:099C	0	15	22	34
character.reroll.y.summary_redraw.030	30	summary_redraw	confirmed	101565794	101573703	10	37485720e920cb3f01eca07b305fc94b0cb1da35fc7fe930b184b7c9dae60427	2368:0616	0	15	7	8
character.reroll.y.reroll_prompt.031	31	reroll_prompt	confirmed	101574533	101585447	14	d88ade772ab314f6ee97e0961319f5865ae82c9364638f6703fbac63bcea1b54	37F1:101E	0	13	24	0
