tw	cn	kind	reason
核心	核心	keep	遊戲內「核心區」等是空間核心，不是作業系統「内核」
程序	程序	keep	「自毀程序」「授權程序」是流程，不是「进程」
擴音	扩音	keep	廣播喇叭；OpenCC 的「免提」是電話免持
簡報	简报	keep	任務簡報（briefing），不是「演示文稿」
序列	序列	keep	超控序列（sequence），不是「串行」
複製	复制	keep	複製畫／複製本（copy、replica），不是「拷贝」
呼叫	呼叫	keep	呼叫巡洋艦、選單「呼叫(H)」，不是函式「调用」
智慧	智慧	keep	屬性 Wisdom 與「智慧型」裝備；「智能」語意不同
執行	执行	keep	執行任務／無法執行（動作），不是「运行」程式
支援	支援	keep	部隊支援、選單「支援(S)」
整合	整合	keep	整合資料（合併），不是「集成」
宣告	宣告	keep	宣告／廣播語氣，不是「声明」
停用	停用	keep	停用的機器人，不是「禁用」
遮蔽	遮蔽	keep	地形遮蔽，不是「屏蔽」
連結	连结	keep	供電連結、人際連結，不是網頁「链接」
批次	批次	keep	批次（批）不是「批量」
物件	物件	keep	零碎物件，不是程式「对象」
裝置	装置	keep	爆破裝置、控制裝置在大陸同樣用「装置」；「设备」偏器材
存檔	存档	keep	遊戲存檔大陸慣用「存档」；OpenCC 給「存盘」
載入	读取	map	使用者定案：大陸遊戲慣用「读取」（OpenCC 給「加载」）
訊息	信息	map	使用者定案：「信息」（OpenCC 給「消息」）
呎	英尺	map	使用者定案：大陸用「英尺」（寬度 +2 單位）
防寫保護	写保护	guard	官方「防寫→写保护」後再接「保護」會重複成「写保护保护」
許多工程	许多工程	guard	官方斷出「多工→多任务」使「許多工程」變「许多任务程」
的核心	的核心	guard	官方異體詞「的核」蓋住「核心」起點；輸出不變，guard 讓「核心」保留規則可逐處驗證
之核心	之核心	guard	官方異體詞「之核」蓋住「核心」起點；輸出不變，理由同上
執行檔	可执行文件	guard	「執行」keep 遮蔽官方較長詞「執行檔」；採官方「可执行文件」
檢視	检视	keep	水平選單同列有「檢視(V)」與「查看(L)」，官方「查看」會讓兩項同名
開啟	开启	keep	開關選項（搖桿、滑鼠、動畫開啟）與艙門開啟；官方「打开」在開關語境不自然
儲存槽	储存槽	guard	燃料儲存槽是容器，不是「保存」存檔
儲存區	储存区	guard	逃生艙儲存區、基改人儲存區是存放區域，不是「保存」
取樣本	取样本	guard	「鑽取樣本」被斷成「取樣→采样」而成「钻采样本」
貼上牆	贴上墙	guard	「把耳朵貼上牆壁」不是剪貼簿「粘贴」
